trial_id,date,operator,printer,mold_file,gcode_file,mold_material,mold_tool,mold_nozzle_mm,injection_material,injection_density_g_cm3,injection_tool,injection_nozzle_mm,geometry,port_diameter_mm,target_volume_mm3,fill_ratio,commanded_volume_mm3,commanded_e_mm,injection_temp_c,bed_temp_c,flow_mm3_s,start_z_mm,end_z_mm,plunge_mm,dwell_s,purge_cleaned,mass_before_g,mass_after_g,delivered_mass_g,estimated_delivered_volume_mm3,visible_fill_depth_mm,bottom_fill_score_0_3,leakage_score_0_3,blockage_score_0_3,mold_softening_score_0_3,removal_quality_0_3,failure_label_primary,failure_label_secondary,notes,photo_top,photo_side,photo_section
P001,,,Prusa XL-style tool-changing FFF printer,paper/molds/P001_mold.stl,paper/gcode/P001_executed.gcode,PETG,T0,0.4,PLA,,T1,0.8,10 mm open cup,3,550,1.0,550,228.663,240,,10,12,12,2,1,,,,,,,,,,,,,,Plan P001; expected label: freezing; purpose: Low-temperature low-flow baseline likely to reveal premature freezing.,paper/photos/P001_top.jpg,paper/photos/P001_side.jpg,
P002,,,Prusa XL-style tool-changing FFF printer,paper/molds/P002_mold.stl,paper/gcode/P002_executed.gcode,PETG,T0,0.4,PLA,,T1,0.8,10 mm open cup,3,550,1.0,550,228.663,255,,10,12,12,2,1,,,,,,,,,,,,,,Plan P002; expected label: freezing; purpose: Mid-temperature low-flow trial tests whether temperature alone improves bottom fill.,paper/photos/P002_top.jpg,paper/photos/P002_side.jpg,
P003,,,Prusa XL-style tool-changing FFF printer,paper/molds/P003_mold.stl,paper/gcode/P003_executed.gcode,PETG,T0,0.4,PLA,,T1,0.8,10 mm open cup,3,550,1.0,550,228.663,275,,10,12,12,2,1,,,,,,,,,,,,,,Plan P003; expected label: softening; purpose: High-temperature low-flow trial checks thermal margin and mold softening.,paper/photos/P003_top.jpg,paper/photos/P003_side.jpg,
P004,,,Prusa XL-style tool-changing FFF printer,paper/molds/P004_mold.stl,paper/gcode/P004_executed.gcode,PETG,T0,0.4,PLA,,T1,0.8,10 mm open cup,3,550,1.0,550,228.663,240,,20,12,12,2,1,,,,,,,,,,,,,,Plan P004; expected label: freezing; purpose: Low-temperature mid-flow trial separates flow-rate benefit from low thermal authority.,paper/photos/P004_top.jpg,paper/photos/P004_side.jpg,
P005,,,Prusa XL-style tool-changing FFF printer,paper/molds/P005_mold.stl,paper/gcode/P005_executed.gcode,PETG,T0,0.4,PLA,,T1,0.8,10 mm open cup,3,550,1.0,550,228.663,255,,20,12,12,2,1,,,,,,,,,,,,,,Plan P005; expected label: candidate window; purpose: Center-point trial is the first candidate success case and should be sectioned if it fills.,paper/photos/P005_top.jpg,paper/photos/P005_side.jpg,paper/photos/P005_section.jpg
P006,,,Prusa XL-style tool-changing FFF printer,paper/molds/P006_mold.stl,paper/gcode/P006_executed.gcode,PETG,T0,0.4,PLA,,T1,0.8,10 mm open cup,3,550,1.0,550,228.663,275,,20,12,12,2,1,,,,,,,,,,,,,,Plan P006; expected label: leakage or softening; purpose: High-temperature mid-flow trial checks whether improved fill causes leakage or mold deformation.,paper/photos/P006_top.jpg,paper/photos/P006_side.jpg,
P007,,,Prusa XL-style tool-changing FFF printer,paper/molds/P007_mold.stl,paper/gcode/P007_executed.gcode,PETG,T0,0.4,PLA,,T1,0.8,10 mm open cup,3,550,1.0,550,228.663,240,,30,12,12,2,1,,,,,,,,,,,,,,Plan P007; expected label: flow limit; purpose: Low-temperature high-flow trial tests under-melted extrusion or firmware flow limiting.,paper/photos/P007_top.jpg,paper/photos/P007_side.jpg,
P008,,,Prusa XL-style tool-changing FFF printer,paper/molds/P008_mold.stl,paper/gcode/P008_executed.gcode,PETG,T0,0.4,PLA,,T1,0.8,10 mm open cup,3,550,1.0,550,228.663,255,,30,12,12,2,1,,,,,,,,,,,,,,Plan P008; expected label: flow limit; purpose: Mid-temperature high-flow trial tests practical melt-delivery limit.,paper/photos/P008_top.jpg,paper/photos/P008_side.jpg,
P009,,,Prusa XL-style tool-changing FFF printer,paper/molds/P009_mold.stl,paper/gcode/P009_executed.gcode,PETG,T0,0.4,PLA,,T1,0.8,10 mm open cup,3,550,1.0,550,228.663,275,,30,12,12,2,1,,,,,,,,,,,,,,Plan P009; expected label: leakage or softening; purpose: High-temperature high-flow trial should expose upper-bound leakage or softening and should be sectioned if retained.,paper/photos/P009_top.jpg,paper/photos/P009_side.jpg,paper/photos/P009_section.jpg
P010,,,Prusa XL-style tool-changing FFF printer,paper/molds/P010_mold.stl,paper/gcode/P010_executed.gcode,PETG,T0,0.4,PLA,,T1,0.8,10 mm open cup,3,550,1.0,550,228.663,255,,20,3,12,2,1,,,,,,,,,,,,,,Plan P010; expected label: trapped air; purpose: Rising-Z follow-up only after collision clearance is verified.,paper/photos/P010_top.jpg,paper/photos/P010_side.jpg,paper/photos/P010_section.jpg
